chrom	start	end	gene	bp_overlap_v4.2.1	percent_overlap_v4.2.1	bp_flanking_plus_segdups_overlap_hifiasm	percent_flanking_plus_segdups_overlap_hifiasm	flanking_breaks_in_dip_bed
chr16	24845841	24911628	SLC5A11	48734	0.740784654	105766	0.999801488	1
chr19	54738513	54753052	KIR2DL3	0	0	46502	0.647515874	0
chr19	54769793	54784322	KIR2DL1	0	0	39386	0.500501951	0
chr20	34194569	34269344	ASIP	63519	0.849468405	111488	0.971361359	1
chr8	737596	1708474	DLGAP2	789083	0.812751963	996480	0.985756936	1
